<?xml version="1.0" encoding="utf-8"?>
<domain project-version="6">
	<map name="datamap"/>

	<node name="datanode"
		 factory="org.apache.cayenne.configuration.server.XMLPoolingDataSourceFactory"
		 schema-update-strategy="org.apache.cayenne.access.dbsync.SkipSchemaUpdateStrategy"
		>
		<map-ref name="datamap"/>
		<data-source>
			<driver value="com.mysql.jdbc.Driver"/>
			<url value="jdbc:mysql://localhost/mywechat"/>
			<connectionPool min="1" max="5"/>
			<login userName="root" password="1234"/>
		</data-source>
	</node>
</domain>
